OrderDate,Year,Quarter,Month,Day,DayName
2024-01-01,2024,1,Jan,1,Monday
2024-01-02,2024,1,Jan,2,Tuesday
2024-01-03,2024,1,Jan,3,Wednesday
2024-01-04,2024,1,Jan,4,Thursday
2024-01-05,2024,1,Jan,5,Friday
2024-01-06,2024,1,Jan,6,Saturday
2024-01-07,2024,1,Jan,7,Sunday
2024-01-08,2024,1,Jan,8,Monday
2024-01-09,2024,1,Jan,9,Tuesday
2024-01-10,2024,1,Jan,10,Wednesday
2024-01-11,2024,1,Jan,11,Thursday
2024-01-12,2024,1,Jan,12,Friday
2024-01-13,2024,1,Jan,13,Saturday
2024-01-14,2024,1,Jan,14,Sunday
2024-01-15,2024,1,Jan,15,Monday
2024-01-16,2024,1,Jan,16,Tuesday
2024-01-17,2024,1,Jan,17,Wednesday
2024-01-18,2024,1,Jan,18,Thursday
2024-01-19,2024,1,Jan,19,Friday
2024-01-20,2024,1,Jan,20,Saturday
2024-01-21,2024,1,Jan,21,Sunday
2024-01-22,2024,1,Jan,22,Monday
2024-01-23,2024,1,Jan,23,Tuesday
2024-01-24,2024,1,Jan,24,Wednesday
2024-01-25,2024,1,Jan,25,Thursday
2024-01-26,2024,1,Jan,26,Friday
2024-01-27,2024,1,Jan,27,Saturday
2024-01-28,2024,1,Jan,28,Sunday
2024-01-29,2024,1,Jan,29,Monday
2024-01-30,2024,1,Jan,30,Tuesday
2024-01-31,2024,1,Jan,31,Wednesday
2024-02-01,2024,1,Feb,1,Thursday
2024-02-02,2024,1,Feb,2,Friday
2024-02-03,2024,1,Feb,3,Saturday
2024-02-04,2024,1,Feb,4,Sunday
2024-02-05,2024,1,Feb,5,Monday
2024-02-06,2024,1,Feb,6,Tuesday
2024-02-07,2024,1,Feb,7,Wednesday
2024-02-08,2024,1,Feb,8,Thursday
2024-02-09,2024,1,Feb,9,Friday
2024-02-10,2024,1,Feb,10,Saturday
2024-02-11,2024,1,Feb,11,Sunday
2024-02-12,2024,1,Feb,12,Monday
2024-02-13,2024,1,Feb,13,Tuesday
2024-02-14,2024,1,Feb,14,Wednesday
2024-02-15,2024,1,Feb,15,Thursday
2024-02-16,2024,1,Feb,16,Friday
2024-02-17,2024,1,Feb,17,Saturday
2024-02-18,2024,1,Feb,18,Sunday
2024-02-19,2024,1,Feb,19,Monday
2024-02-20,2024,1,Feb,20,Tuesday
2024-02-21,2024,1,Feb,21,Wednesday
2024-02-22,2024,1,Feb,22,Thursday
2024-02-23,2024,1,Feb,23,Friday
2024-02-24,2024,1,Feb,24,Saturday
2024-02-25,2024,1,Feb,25,Sunday
2024-02-26,2024,1,Feb,26,Monday
2024-02-27,2024,1,Feb,27,Tuesday
2024-02-28,2024,1,Feb,28,Wednesday
2024-02-29,2024,1,Feb,29,Thursday
2024-03-01,2024,1,Mar,1,Friday
2024-03-02,2024,1,Mar,2,Saturday
2024-03-03,2024,1,Mar,3,Sunday
2024-03-04,2024,1,Mar,4,Monday
2024-03-05,2024,1,Mar,5,Tuesday
2024-03-06,2024,1,Mar,6,Wednesday
2024-03-07,2024,1,Mar,7,Thursday
2024-03-08,2024,1,Mar,8,Friday
2024-03-09,2024,1,Mar,9,Saturday
2024-03-10,2024,1,Mar,10,Sunday
2024-03-11,2024,1,Mar,11,Monday
2024-03-12,2024,1,Mar,12,Tuesday
2024-03-13,2024,1,Mar,13,Wednesday
2024-03-14,2024,1,Mar,14,Thursday
2024-03-15,2024,1,Mar,15,Friday
2024-03-16,2024,1,Mar,16,Saturday
2024-03-17,2024,1,Mar,17,Sunday
2024-03-18,2024,1,Mar,18,Monday
2024-03-19,2024,1,Mar,19,Tuesday
2024-03-20,2024,1,Mar,20,Wednesday
2024-03-21,2024,1,Mar,21,Thursday
2024-03-22,2024,1,Mar,22,Friday
2024-03-23,2024,1,Mar,23,Saturday
2024-03-24,2024,1,Mar,24,Sunday
2024-03-25,2024,1,Mar,25,Monday
2024-03-26,2024,1,Mar,26,Tuesday
2024-03-27,2024,1,Mar,27,Wednesday
2024-03-28,2024,1,Mar,28,Thursday
2024-03-29,2024,1,Mar,29,Friday
2024-03-30,2024,1,Mar,30,Saturday
2024-03-31,2024,1,Mar,31,Sunday
2024-04-01,2024,2,Apr,1,Monday
2024-04-02,2024,2,Apr,2,Tuesday
2024-04-03,2024,2,Apr,3,Wednesday
2024-04-04,2024,2,Apr,4,Thursday
2024-04-05,2024,2,Apr,5,Friday
2024-04-06,2024,2,Apr,6,Saturday
2024-04-07,2024,2,Apr,7,Sunday
2024-04-08,2024,2,Apr,8,Monday
2024-04-09,2024,2,Apr,9,Tuesday
2024-04-10,2024,2,Apr,10,Wednesday
2024-04-11,2024,2,Apr,11,Thursday
2024-04-12,2024,2,Apr,12,Friday
2024-04-13,2024,2,Apr,13,Saturday
2024-04-14,2024,2,Apr,14,Sunday
2024-04-15,2024,2,Apr,15,Monday
2024-04-16,2024,2,Apr,16,Tuesday
2024-04-17,2024,2,Apr,17,Wednesday
2024-04-18,2024,2,Apr,18,Thursday
2024-04-19,2024,2,Apr,19,Friday
2024-04-20,2024,2,Apr,20,Saturday
2024-04-21,2024,2,Apr,21,Sunday
2024-04-22,2024,2,Apr,22,Monday
2024-04-23,2024,2,Apr,23,Tuesday
2024-04-24,2024,2,Apr,24,Wednesday
2024-04-25,2024,2,Apr,25,Thursday
2024-04-26,2024,2,Apr,26,Friday
2024-04-27,2024,2,Apr,27,Saturday
2024-04-28,2024,2,Apr,28,Sunday
2024-04-29,2024,2,Apr,29,Monday
2024-04-30,2024,2,Apr,30,Tuesday
2024-05-01,2024,2,May,1,Wednesday
2024-05-02,2024,2,May,2,Thursday
2024-05-03,2024,2,May,3,Friday
2024-05-04,2024,2,May,4,Saturday
2024-05-05,2024,2,May,5,Sunday
2024-05-06,2024,2,May,6,Monday
2024-05-07,2024,2,May,7,Tuesday
2024-05-08,2024,2,May,8,Wednesday
2024-05-09,2024,2,May,9,Thursday
2024-05-10,2024,2,May,10,Friday
2024-05-11,2024,2,May,11,Saturday
2024-05-12,2024,2,May,12,Sunday
2024-05-13,2024,2,May,13,Monday
2024-05-14,2024,2,May,14,Tuesday
2024-05-15,2024,2,May,15,Wednesday
2024-05-16,2024,2,May,16,Thursday
2024-05-17,2024,2,May,17,Friday
2024-05-18,2024,2,May,18,Saturday
2024-05-19,2024,2,May,19,Sunday
2024-05-20,2024,2,May,20,Monday
2024-05-21,2024,2,May,21,Tuesday
2024-05-22,2024,2,May,22,Wednesday
2024-05-23,2024,2,May,23,Thursday
2024-05-24,2024,2,May,24,Friday
2024-05-25,2024,2,May,25,Saturday
2024-05-26,2024,2,May,26,Sunday
2024-05-27,2024,2,May,27,Monday
2024-05-28,2024,2,May,28,Tuesday
2024-05-29,2024,2,May,29,Wednesday
2024-05-30,2024,2,May,30,Thursday
2024-05-31,2024,2,May,31,Friday
2024-06-01,2024,2,Jun,1,Saturday
2024-06-02,2024,2,Jun,2,Sunday
2024-06-03,2024,2,Jun,3,Monday
2024-06-04,2024,2,Jun,4,Tuesday
2024-06-05,2024,2,Jun,5,Wednesday
2024-06-06,2024,2,Jun,6,Thursday
2024-06-07,2024,2,Jun,7,Friday
2024-06-08,2024,2,Jun,8,Saturday
2024-06-09,2024,2,Jun,9,Sunday
2024-06-10,2024,2,Jun,10,Monday
2024-06-11,2024,2,Jun,11,Tuesday
2024-06-12,2024,2,Jun,12,Wednesday
2024-06-13,2024,2,Jun,13,Thursday
2024-06-14,2024,2,Jun,14,Friday
2024-06-15,2024,2,Jun,15,Saturday
2024-06-16,2024,2,Jun,16,Sunday
2024-06-17,2024,2,Jun,17,Monday
2024-06-18,2024,2,Jun,18,Tuesday
2024-06-19,2024,2,Jun,19,Wednesday
2024-06-20,2024,2,Jun,20,Thursday
2024-06-21,2024,2,Jun,21,Friday
2024-06-22,2024,2,Jun,22,Saturday
2024-06-23,2024,2,Jun,23,Sunday
2024-06-24,2024,2,Jun,24,Monday
2024-06-25,2024,2,Jun,25,Tuesday
2024-06-26,2024,2,Jun,26,Wednesday
2024-06-27,2024,2,Jun,27,Thursday
2024-06-28,2024,2,Jun,28,Friday
2024-06-29,2024,2,Jun,29,Saturday
2024-06-30,2024,2,Jun,30,Sunday
2024-07-01,2024,3,Jul,1,Monday
2024-07-02,2024,3,Jul,2,Tuesday
2024-07-03,2024,3,Jul,3,Wednesday
2024-07-04,2024,3,Jul,4,Thursday
2024-07-05,2024,3,Jul,5,Friday
2024-07-06,2024,3,Jul,6,Saturday
2024-07-07,2024,3,Jul,7,Sunday
2024-07-08,2024,3,Jul,8,Monday
2024-07-09,2024,3,Jul,9,Tuesday
2024-07-10,2024,3,Jul,10,Wednesday
2024-07-11,2024,3,Jul,11,Thursday
2024-07-12,2024,3,Jul,12,Friday
2024-07-13,2024,3,Jul,13,Saturday
2024-07-14,2024,3,Jul,14,Sunday
2024-07-15,2024,3,Jul,15,Monday
2024-07-16,2024,3,Jul,16,Tuesday
2024-07-17,2024,3,Jul,17,Wednesday
2024-07-18,2024,3,Jul,18,Thursday
2024-07-19,2024,3,Jul,19,Friday
2024-07-20,2024,3,Jul,20,Saturday
2024-07-21,2024,3,Jul,21,Sunday
2024-07-22,2024,3,Jul,22,Monday
2024-07-23,2024,3,Jul,23,Tuesday
2024-07-24,2024,3,Jul,24,Wednesday
2024-07-25,2024,3,Jul,25,Thursday
2024-07-26,2024,3,Jul,26,Friday
2024-07-27,2024,3,Jul,27,Saturday
2024-07-28,2024,3,Jul,28,Sunday
2024-07-29,2024,3,Jul,29,Monday
2024-07-30,2024,3,Jul,30,Tuesday
2024-07-31,2024,3,Jul,31,Wednesday
2024-08-01,2024,3,Aug,1,Thursday
2024-08-02,2024,3,Aug,2,Friday
2024-08-03,2024,3,Aug,3,Saturday
2024-08-04,2024,3,Aug,4,Sunday
2024-08-05,2024,3,Aug,5,Monday
2024-08-06,2024,3,Aug,6,Tuesday
2024-08-07,2024,3,Aug,7,Wednesday
2024-08-08,2024,3,Aug,8,Thursday
2024-08-09,2024,3,Aug,9,Friday
2024-08-10,2024,3,Aug,10,Saturday
2024-08-11,2024,3,Aug,11,Sunday
2024-08-12,2024,3,Aug,12,Monday
2024-08-13,2024,3,Aug,13,Tuesday
2024-08-14,2024,3,Aug,14,Wednesday
2024-08-15,2024,3,Aug,15,Thursday
2024-08-16,2024,3,Aug,16,Friday
2024-08-17,2024,3,Aug,17,Saturday
2024-08-18,2024,3,Aug,18,Sunday
2024-08-19,2024,3,Aug,19,Monday
2024-08-20,2024,3,Aug,20,Tuesday
2024-08-21,2024,3,Aug,21,Wednesday
2024-08-22,2024,3,Aug,22,Thursday
2024-08-23,2024,3,Aug,23,Friday
2024-08-24,2024,3,Aug,24,Saturday
2024-08-25,2024,3,Aug,25,Sunday
2024-08-26,2024,3,Aug,26,Monday
2024-08-27,2024,3,Aug,27,Tuesday
2024-08-28,2024,3,Aug,28,Wednesday
2024-08-29,2024,3,Aug,29,Thursday
2024-08-30,2024,3,Aug,30,Friday
2024-08-31,2024,3,Aug,31,Saturday
2024-09-01,2024,3,Sep,1,Sunday
2024-09-02,2024,3,Sep,2,Monday
2024-09-03,2024,3,Sep,3,Tuesday
2024-09-04,2024,3,Sep,4,Wednesday
2024-09-05,2024,3,Sep,5,Thursday
2024-09-06,2024,3,Sep,6,Friday
2024-09-07,2024,3,Sep,7,Saturday
2024-09-08,2024,3,Sep,8,Sunday
2024-09-09,2024,3,Sep,9,Monday
2024-09-10,2024,3,Sep,10,Tuesday
2024-09-11,2024,3,Sep,11,Wednesday
2024-09-12,2024,3,Sep,12,Thursday
2024-09-13,2024,3,Sep,13,Friday
2024-09-14,2024,3,Sep,14,Saturday
2024-09-15,2024,3,Sep,15,Sunday
2024-09-16,2024,3,Sep,16,Monday
2024-09-17,2024,3,Sep,17,Tuesday
2024-09-18,2024,3,Sep,18,Wednesday
2024-09-19,2024,3,Sep,19,Thursday
2024-09-20,2024,3,Sep,20,Friday
2024-09-21,2024,3,Sep,21,Saturday
2024-09-22,2024,3,Sep,22,Sunday
2024-09-23,2024,3,Sep,23,Monday
2024-09-24,2024,3,Sep,24,Tuesday
2024-09-25,2024,3,Sep,25,Wednesday
2024-09-26,2024,3,Sep,26,Thursday
2024-09-27,2024,3,Sep,27,Friday
2024-09-28,2024,3,Sep,28,Saturday
2024-09-29,2024,3,Sep,29,Sunday
2024-09-30,2024,3,Sep,30,Monday
2024-10-01,2024,4,Oct,1,Tuesday
2024-10-02,2024,4,Oct,2,Wednesday
2024-10-03,2024,4,Oct,3,Thursday
2024-10-04,2024,4,Oct,4,Friday
2024-10-05,2024,4,Oct,5,Saturday
2024-10-06,2024,4,Oct,6,Sunday
2024-10-07,2024,4,Oct,7,Monday
2024-10-08,2024,4,Oct,8,Tuesday
2024-10-09,2024,4,Oct,9,Wednesday
2024-10-10,2024,4,Oct,10,Thursday
2024-10-11,2024,4,Oct,11,Friday
2024-10-12,2024,4,Oct,12,Saturday
2024-10-13,2024,4,Oct,13,Sunday
2024-10-14,2024,4,Oct,14,Monday
2024-10-15,2024,4,Oct,15,Tuesday
2024-10-16,2024,4,Oct,16,Wednesday
2024-10-17,2024,4,Oct,17,Thursday
2024-10-18,2024,4,Oct,18,Friday
2024-10-19,2024,4,Oct,19,Saturday
2024-10-20,2024,4,Oct,20,Sunday
2024-10-21,2024,4,Oct,21,Monday
2024-10-22,2024,4,Oct,22,Tuesday
2024-10-23,2024,4,Oct,23,Wednesday
2024-10-24,2024,4,Oct,24,Thursday
2024-10-25,2024,4,Oct,25,Friday
2024-10-26,2024,4,Oct,26,Saturday
2024-10-27,2024,4,Oct,27,Sunday
2024-10-28,2024,4,Oct,28,Monday
2024-10-29,2024,4,Oct,29,Tuesday
2024-10-30,2024,4,Oct,30,Wednesday
2024-10-31,2024,4,Oct,31,Thursday
2024-11-01,2024,4,Nov,1,Friday
2024-11-02,2024,4,Nov,2,Saturday
2024-11-03,2024,4,Nov,3,Sunday
2024-11-04,2024,4,Nov,4,Monday
2024-11-05,2024,4,Nov,5,Tuesday
2024-11-06,2024,4,Nov,6,Wednesday
2024-11-07,2024,4,Nov,7,Thursday
2024-11-08,2024,4,Nov,8,Friday
2024-11-09,2024,4,Nov,9,Saturday
2024-11-10,2024,4,Nov,10,Sunday
2024-11-11,2024,4,Nov,11,Monday
2024-11-12,2024,4,Nov,12,Tuesday
2024-11-13,2024,4,Nov,13,Wednesday
2024-11-14,2024,4,Nov,14,Thursday
2024-11-15,2024,4,Nov,15,Friday
2024-11-16,2024,4,Nov,16,Saturday
2024-11-17,2024,4,Nov,17,Sunday
2024-11-18,2024,4,Nov,18,Monday
2024-11-19,2024,4,Nov,19,Tuesday
2024-11-20,2024,4,Nov,20,Wednesday
2024-11-21,2024,4,Nov,21,Thursday
2024-11-22,2024,4,Nov,22,Friday
2024-11-23,2024,4,Nov,23,Saturday
2024-11-24,2024,4,Nov,24,Sunday
2024-11-25,2024,4,Nov,25,Monday
2024-11-26,2024,4,Nov,26,Tuesday
2024-11-27,2024,4,Nov,27,Wednesday
2024-11-28,2024,4,Nov,28,Thursday
2024-11-29,2024,4,Nov,29,Friday
2024-11-30,2024,4,Nov,30,Saturday
2024-12-01,2024,4,Dec,1,Sunday
2024-12-02,2024,4,Dec,2,Monday
2024-12-03,2024,4,Dec,3,Tuesday
2024-12-04,2024,4,Dec,4,Wednesday
2024-12-05,2024,4,Dec,5,Thursday
2024-12-06,2024,4,Dec,6,Friday
2024-12-07,2024,4,Dec,7,Saturday
2024-12-08,2024,4,Dec,8,Sunday
2024-12-09,2024,4,Dec,9,Monday
2024-12-10,2024,4,Dec,10,Tuesday
2024-12-11,2024,4,Dec,11,Wednesday
2024-12-12,2024,4,Dec,12,Thursday
2024-12-13,2024,4,Dec,13,Friday
2024-12-14,2024,4,Dec,14,Saturday
2024-12-15,2024,4,Dec,15,Sunday
2024-12-16,2024,4,Dec,16,Monday
2024-12-17,2024,4,Dec,17,Tuesday
2024-12-18,2024,4,Dec,18,Wednesday
2024-12-19,2024,4,Dec,19,Thursday
2024-12-20,2024,4,Dec,20,Friday
2024-12-21,2024,4,Dec,21,Saturday
2024-12-22,2024,4,Dec,22,Sunday
2024-12-23,2024,4,Dec,23,Monday
2024-12-24,2024,4,Dec,24,Tuesday
2024-12-25,2024,4,Dec,25,Wednesday
2024-12-26,2024,4,Dec,26,Thursday
2024-12-27,2024,4,Dec,27,Friday
2024-12-28,2024,4,Dec,28,Saturday
2024-12-29,2024,4,Dec,29,Sunday
2024-12-30,2024,4,Dec,30,Monday
